timestamp,url,platform,video_id,prompt,status,result,duration_seconds,error_message
2025-07-20T11:13:47.008745,https://www.tiktok.com/@tiktok/video/7106594312292453675?is_copy_url=1&is_from_webapp=v1,TikTok,7106594312292453675,What is the main topic or subject of this video?,success,The main topic of the video is frogs in Minecraft. It challenges viewers to find the number of frogs hidden in a Minecraft scene.,7.11,
2025-07-20T11:13:56.110410,https://www.tiktok.com/@tiktok/video/7106594312292453675?is_copy_url=1&is_from_webapp=v1,TikTok,7106594312292453675,Describe what you see happening in this video.,success,"The video shows a person building a pond for frogs in Minecraft. The pond is initially constructed, filled with water, and then decorated with plants and lights. The video concludes by asking the viewer to find frogs that are added to the pond. There are 15 in all.",7.1,
2025-07-20T11:14:06.750147,https://www.tiktok.com/@tiktok/video/7106594312292453675?is_copy_url=1&is_from_webapp=v1,TikTok,7106594312292453675,What is the overall mood or tone of this video?,success,"The overall mood of this video is playful and wholesome, with a focus on creativity and community engagement. The peaceful Minecraft build and the frog-counting challenge create a lighthearted and inviting atmosphere.",6.84,
2025-07-20T11:14:14.755004,https://www.tiktok.com/@tiktok/video/7011536772089924869?is_copy_url=1&is_from_webapp=v1,TikTok,7011536772089924869,What is the main topic or subject of this video?,success,"The main topic or subject of this video is a chair.
",6.0,
2025-07-20T11:14:23.465642,https://www.tiktok.com/@tiktok/video/7011536772089924869?is_copy_url=1&is_from_webapp=v1,TikTok,7011536772089924869,Describe what you see happening in this video.,success,"The video shows a light-colored, wooden chair against a white background. Text overlayed on the video says ""we're LIVE with chair"" and has six small chair icons above it. The video's caption also includes chair emojis and the username ""@blank.antho"".
",6.71,
2025-07-20T11:14:33.796345,https://www.tiktok.com/@tiktok/video/7011536772089924869?is_copy_url=1&is_from_webapp=v1,TikTok,7011536772089924869,What is the overall mood or tone of this video?,success,"Based on the visual information and context, the video's overall mood or tone is playful, absurd, and humorous. The statement ""we're LIVE with chair"" coupled with chair emojis and the ""IYKYK"" reference suggests an inside joke or ironic presentation, contributing to the lighthearted and slightly surreal feeling.
",8.33,
